id,name,price,currency,image_url,in_stock,source_page,product_url
Bulbasaur,Bulbasaur,63.0,GBP,https://scrapeme.live/wp-content/uploads/2018/08/001-350x350.png,True,1,https://scrapeme.live/shop/Bulbasaur/
Ivysaur,Ivysaur,87.0,GBP,https://scrapeme.live/wp-content/uploads/2018/08/002-350x350.png,True,1,https://scrapeme.live/shop/Ivysaur/
Venusaur,Venusaur,105.0,GBP,https://scrapeme.live/wp-content/uploads/2018/08/003-350x350.png,True,1,https://scrapeme.live/shop/Venusaur/
Charmander,Charmander,48.0,GBP,https://scrapeme.live/wp-content/uploads/2018/08/004-350x350.png,True,1,https://scrapeme.live/shop/Charmander/
Charmeleon,Charmeleon,165.0,GBP,https://scrapeme.live/wp-content/uploads/2018/08/005-350x350.png,True,1,https://scrapeme.live/shop/Charmeleon/
Charizard,Charizard,156.0,GBP,https://scrapeme.live/wp-content/uploads/2018/08/006-350x350.png,True,1,https://scrapeme.live/shop/Charizard/
Squirtle,Squirtle,130.0,GBP,https://scrapeme.live/wp-content/uploads/2018/08/007-350x350.png,True,1,https://scrapeme.live/shop/Squirtle/
Wartortle,Wartortle,123.0,GBP,https://scrapeme.live/wp-content/uploads/2018/08/008-350x350.png,True,1,https://scrapeme.live/shop/Wartortle/
Blastoise,Blastoise,76.0,GBP,https://scrapeme.live/wp-content/uploads/2018/08/009-350x350.png,True,1,https://scrapeme.live/shop/Blastoise/
Caterpie,Caterpie,73.0,GBP,https://scrapeme.live/wp-content/uploads/2018/08/010-350x350.png,True,1,https://scrapeme.live/shop/Caterpie/
Metapod,Metapod,148.0,GBP,https://scrapeme.live/wp-content/uploads/2018/08/011-350x350.png,True,1,https://scrapeme.live/shop/Metapod/
Butterfree,Butterfree,162.0,GBP,https://scrapeme.live/wp-content/uploads/2018/08/012-350x350.png,True,1,https://scrapeme.live/shop/Butterfree/
Weedle,Weedle,25.0,GBP,https://scrapeme.live/wp-content/uploads/2018/08/013-350x350.png,True,1,https://scrapeme.live/shop/Weedle/
Kakuna,Kakuna,148.0,GBP,https://scrapeme.live/wp-content/uploads/2018/08/014-350x350.png,True,1,https://scrapeme.live/shop/Kakuna/
Beedrill,Beedrill,168.0,GBP,https://scrapeme.live/wp-content/uploads/2018/08/015-350x350.png,True,1,https://scrapeme.live/shop/Beedrill/
Pidgey,Pidgey,159.0,GBP,https://scrapeme.live/wp-content/uploads/2018/08/016-350x350.png,True,1,https://scrapeme.live/shop/Pidgey/
Pidgeotto,Pidgeotto,84.0,GBP,https://scrapeme.live/wp-content/uploads/2018/08/017-350x350.png,True,2,https://scrapeme.live/shop/Pidgeotto/
Pidgeot,Pidgeot,185.0,GBP,https://scrapeme.live/wp-content/uploads/2018/08/018-350x350.png,True,2,https://scrapeme.live/shop/Pidgeot/
Rattata,Rattata,128.0,GBP,https://scrapeme.live/wp-content/uploads/2018/08/019-350x350.png,True,2,https://scrapeme.live/shop/Rattata/
Raticate,Raticate,60.0,GBP,https://scrapeme.live/wp-content/uploads/2018/08/020-350x350.png,True,2,https://scrapeme.live/shop/Raticate/
Spearow,Spearow,133.0,GBP,https://scrapeme.live/wp-content/uploads/2018/08/021-350x350.png,True,2,https://scrapeme.live/shop/Spearow/
Fearow,Fearow,95.0,GBP,https://scrapeme.live/wp-content/uploads/2018/08/022-350x350.png,True,2,https://scrapeme.live/shop/Fearow/
Ekans,Ekans,55.0,GBP,https://scrapeme.live/wp-content/uploads/2018/08/023-350x350.png,True,2,https://scrapeme.live/shop/Ekans/
Arbok,Arbok,182.0,GBP,https://scrapeme.live/wp-content/uploads/2018/08/024-350x350.png,True,2,https://scrapeme.live/shop/Arbok/
Pikachu,Pikachu,37.0,GBP,https://scrapeme.live/wp-content/uploads/2018/08/025-350x350.png,True,2,https://scrapeme.live/shop/Pikachu/
Raichu,Raichu,140.0,GBP,https://scrapeme.live/wp-content/uploads/2018/08/026-350x350.png,True,2,https://scrapeme.live/shop/Raichu/
Sandshrew,Sandshrew,82.0,GBP,https://scrapeme.live/wp-content/uploads/2018/08/027-350x350.png,True,2,https://scrapeme.live/shop/Sandshrew/
Sandslash,Sandslash,155.0,GBP,https://scrapeme.live/wp-content/uploads/2018/08/028-350x350.png,True,2,https://scrapeme.live/shop/Sandslash/
Nidorina,Nidorina,28.0,GBP,https://scrapeme.live/wp-content/uploads/2018/08/030-350x350.png,True,2,https://scrapeme.live/shop/Nidorina/
Nidoqueen,Nidoqueen,106.0,GBP,https://scrapeme.live/wp-content/uploads/2018/08/031-350x350.png,True,2,https://scrapeme.live/shop/Nidoqueen/
Nidorino,Nidorino,179.0,GBP,https://scrapeme.live/wp-content/uploads/2018/08/033-350x350.png,True,2,https://scrapeme.live/shop/Nidorino/
Nidoking,Nidoking,31.0,GBP,https://scrapeme.live/wp-content/uploads/2018/08/034-350x350.png,True,2,https://scrapeme.live/shop/Nidoking/
Clefairy,Clefairy,160.0,GBP,https://scrapeme.live/wp-content/uploads/2018/08/035-350x350.png,True,3,https://scrapeme.live/shop/Clefairy/
Clefable,Clefable,188.0,GBP,https://scrapeme.live/wp-content/uploads/2018/08/036-350x350.png,True,3,https://scrapeme.live/shop/Clefable/
Vulpix,Vulpix,85.0,GBP,https://scrapeme.live/wp-content/uploads/2018/08/037-350x350.png,True,3,https://scrapeme.live/shop/Vulpix/
Ninetales,Ninetales,52.0,GBP,https://scrapeme.live/wp-content/uploads/2018/08/038-350x350.png,True,3,https://scrapeme.live/shop/Ninetales/
Jigglypuff,Jigglypuff,61.0,GBP,https://scrapeme.live/wp-content/uploads/2018/08/039-350x350.png,True,3,https://scrapeme.live/shop/Jigglypuff/
Wigglytuff,Wigglytuff,130.0,GBP,https://scrapeme.live/wp-content/uploads/2018/08/040-350x350.png,True,3,https://scrapeme.live/shop/Wigglytuff/
Zubat,Zubat,125.0,GBP,https://scrapeme.live/wp-content/uploads/2018/08/041-350x350.png,True,3,https://scrapeme.live/shop/Zubat/
Golbat,Golbat,136.0,GBP,https://scrapeme.live/wp-content/uploads/2018/08/042-350x350.png,True,3,https://scrapeme.live/shop/Golbat/
Oddish,Oddish,45.0,GBP,https://scrapeme.live/wp-content/uploads/2018/08/043-350x350.png,True,3,https://scrapeme.live/shop/Oddish/
Gloom,Gloom,178.0,GBP,https://scrapeme.live/wp-content/uploads/2018/08/044-350x350.png,True,3,https://scrapeme.live/shop/Gloom/
Vileplume,Vileplume,170.0,GBP,https://scrapeme.live/wp-content/uploads/2018/08/045-350x350.png,True,3,https://scrapeme.live/shop/Vileplume/
Paras,Paras,168.0,GBP,https://scrapeme.live/wp-content/uploads/2018/08/046-350x350.png,True,3,https://scrapeme.live/shop/Paras/
Parasect,Parasect,27.0,GBP,https://scrapeme.live/wp-content/uploads/2018/08/047-350x350.png,True,3,https://scrapeme.live/shop/Parasect/
Venonat,Venonat,158.0,GBP,https://scrapeme.live/wp-content/uploads/2018/08/048-350x350.png,True,3,https://scrapeme.live/shop/Venonat/
Venomoth,Venomoth,53.0,GBP,https://scrapeme.live/wp-content/uploads/2018/08/049-350x350.png,True,3,https://scrapeme.live/shop/Venomoth/
Diglett,Diglett,122.0,GBP,https://scrapeme.live/wp-content/uploads/2018/08/050-350x350.png,True,3,https://scrapeme.live/shop/Diglett/
